{"cameraMode":{"drawMode":0,"name":"Shaded","section":"Shading Mode"},"sceneLighting":true,"audioPlay":false,"sceneViewState":{"m_AlwaysRefresh":false,"showFog":true,"showSkybox":true,"showFlares":true,"showImageEffects":true,"showParticleSystems":true,"showVisualEffectGraphs":true,"m_FxEnabled":false},"in2DMode":false,"pivot":{"x":-4.369300365447998,"y":-0.16467666625976563,"z":-0.10238313674926758},"rotation":{"x":-0.03428210690617561,"y":0.8857676982879639,"z":-0.45811498165130618,"w":-0.06628981977701187},"size":9.732521057128907,"orthographic":false}